timeStamp,elapsed,label,responseCode,responseMessage,threadName,dataType,success,failureMessage,bytes,sentBytes,grpThreads,allThreads,URL,Latency,IdleTime,Connect
1764563057876,278,1. Get Flights,200,OK,100 Concurrent Users 1-3,text,true,,101995,189,6,6,http://localhost:5000/api/flights?limit=100,273,0,42
1764563057875,278,1. Get Flights,200,OK,100 Concurrent Users 1-1,text,true,,101995,189,6,6,http://localhost:5000/api/flights?limit=100,272,0,42
1764563058012,145,1. Get Flights,200,OK,100 Concurrent Users 1-5,text,true,,101994,189,6,6,http://localhost:5000/api/flights?limit=100,144,0,2
1764563058109,50,1. Get Flights,200,OK,100 Concurrent Users 1-6,text,true,,101994,189,6,6,http://localhost:5000/api/flights?limit=100,50,0,2
1764563057875,372,1. Get Flights,200,OK,100 Concurrent Users 1-2,text,true,,101995,189,7,7,http://localhost:5000/api/flights?limit=100,372,0,42
1764563058210,41,1. Get Flights,200,OK,100 Concurrent Users 1-7,text,true,,101994,189,7,7,http://localhost:5000/api/flights?limit=100,41,0,1
1764563057914,347,1. Get Flights,200,OK,100 Concurrent Users 1-4,text,true,,101995,189,7,7,http://localhost:5000/api/flights?limit=100,347,0,4
1764563058310,11,1. Get Flights,200,OK,100 Concurrent Users 1-8,text,true,,101994,189,8,8,http://localhost:5000/api/flights?limit=100,10,0,1
1764563058160,196,2. Get Hotels,200,OK,100 Concurrent Users 1-6,text,true,,97440,197,8,8,http://localhost:5000/api/hotels?limit=100,195,0,1
1764563058249,114,2. Get Hotels,200,OK,100 Concurrent Users 1-2,text,true,,97439,197,8,8,http://localhost:5000/api/hotels?limit=100,113,0,1
1764563058252,115,2. Get Hotels,200,OK,100 Concurrent Users 1-7,text,true,,97439,197,8,8,http://localhost:5000/api/hotels?limit=100,114,0,1
1764563058262,108,2. Get Hotels,200,OK,100 Concurrent Users 1-4,text,true,,97439,197,8,8,http://localhost:5000/api/hotels?limit=100,107,0,2
1764563058157,213,2. Get Hotels,200,OK,100 Concurrent Users 1-5,text,true,,97440,197,8,8,http://localhost:5000/api/hotels?limit=100,190,0,1
1764563058321,53,2. Get Hotels,200,OK,100 Concurrent Users 1-8,text,true,,97439,197,8,8,http://localhost:5000/api/hotels?limit=100,52,0,1
1764563058408,13,1. Get Flights,200,OK,100 Concurrent Users 1-9,text,true,,101994,189,9,9,http://localhost:5000/api/flights?limit=100,13,0,2
1764563058157,310,2. Get Hotels,200,OK,100 Concurrent Users 1-1,text,true,,97440,197,9,9,http://localhost:5000/api/hotels?limit=100,310,0,1
1764563058422,49,2. Get Hotels,200,OK,100 Concurrent Users 1-9,text,true,,97439,197,9,9,http://localhost:5000/api/hotels?limit=100,48,0,1
1764563058157,320,2. Get Hotels,200,OK,100 Concurrent Users 1-3,text,true,,97440,197,9,9,http://localhost:5000/api/hotels?limit=100,320,0,1
1764563058509,10,1. Get Flights,200,OK,100 Concurrent Users 1-10,text,true,,101994,189,10,10,http://localhost:5000/api/flights?limit=100,9,0,1
1764563058519,10,2. Get Hotels,200,OK,100 Concurrent Users 1-10,text,true,,97439,197,10,10,http://localhost:5000/api/hotels?limit=100,10,0,1
1764563058357,233,3. Get Cars,200,OK,100 Concurrent Users 1-6,text,true,,82328,195,10,10,http://localhost:5000/api/cars?limit=100,233,0,1
1764563058370,224,3. Get Cars,200,OK,100 Concurrent Users 1-4,text,true,,82327,195,9,9,http://localhost:5000/api/cars?limit=100,224,0,1
1764563058371,225,3. Get Cars,200,OK,100 Concurrent Users 1-5,text,true,,82327,195,8,8,http://localhost:5000/api/cars?limit=100,225,0,1
1764563058374,224,3. Get Cars,200,OK,100 Concurrent Users 1-8,text,true,,82327,195,7,7,http://localhost:5000/api/cars?limit=100,224,0,1
1764563058363,238,3. Get Cars,200,OK,100 Concurrent Users 1-2,text,true,,82327,195,6,6,http://localhost:5000/api/cars?limit=100,237,0,1
1764563058367,240,3. Get Cars,200,OK,100 Concurrent Users 1-7,text,true,,82327,195,6,6,http://localhost:5000/api/cars?limit=100,240,0,1
1764563058608,9,1. Get Flights,200,OK,100 Concurrent Users 1-11,text,true,,101994,189,5,5,http://localhost:5000/api/flights?limit=100,9,0,1
1764563058478,147,3. Get Cars,200,OK,100 Concurrent Users 1-3,text,true,,82327,195,5,5,http://localhost:5000/api/cars?limit=100,147,0,1
1764563058618,10,2. Get Hotels,200,OK,100 Concurrent Users 1-11,text,true,,97439,197,4,4,http://localhost:5000/api/hotels?limit=100,9,0,1
1764563058529,142,3. Get Cars,200,OK,100 Concurrent Users 1-10,text,true,,82327,195,4,4,http://localhost:5000/api/cars?limit=100,142,0,1
1764563058468,209,3. Get Cars,200,OK,100 Concurrent Users 1-1,text,true,,82327,195,3,3,http://localhost:5000/api/cars?limit=100,208,0,1
1764563058471,208,3. Get Cars,200,OK,100 Concurrent Users 1-9,text,true,,82327,195,2,2,http://localhost:5000/api/cars?limit=100,208,0,1
1764563058629,66,3. Get Cars,200,OK,100 Concurrent Users 1-11,text,true,,82327,195,1,1,http://localhost:5000/api/cars?limit=100,65,0,1
1764563058709,9,1. Get Flights,200,OK,100 Concurrent Users 1-12,text,true,,101994,189,1,1,http://localhost:5000/api/flights?limit=100,9,0,1
1764563058718,8,2. Get Hotels,200,OK,100 Concurrent Users 1-12,text,true,,97439,197,1,1,http://localhost:5000/api/hotels?limit=100,8,0,1
1764563058727,21,3. Get Cars,200,OK,100 Concurrent Users 1-12,text,true,,82327,195,1,1,http://localhost:5000/api/cars?limit=100,20,0,1
1764563058808,9,1. Get Flights,200,OK,100 Concurrent Users 1-13,text,true,,101994,189,1,1,http://localhost:5000/api/flights?limit=100,8,0,1
1764563058817,9,2. Get Hotels,200,OK,100 Concurrent Users 1-13,text,true,,97439,197,1,1,http://localhost:5000/api/hotels?limit=100,8,0,1
1764563058826,26,3. Get Cars,200,OK,100 Concurrent Users 1-13,text,true,,82327,195,1,1,http://localhost:5000/api/cars?limit=100,26,0,1
1764563058911,10,1. Get Flights,200,OK,100 Concurrent Users 1-14,text,true,,101994,189,1,1,http://localhost:5000/api/flights?limit=100,9,0,1
1764563058921,8,2. Get Hotels,200,OK,100 Concurrent Users 1-14,text,true,,97439,197,1,1,http://localhost:5000/api/hotels?limit=100,7,0,1
1764563058929,20,3. Get Cars,200,OK,100 Concurrent Users 1-14,text,true,,82327,195,1,1,http://localhost:5000/api/cars?limit=100,19,0,1
1764563059008,8,1. Get Flights,200,OK,100 Concurrent Users 1-15,text,true,,101994,189,1,1,http://localhost:5000/api/flights?limit=100,7,0,1
1764563059016,7,2. Get Hotels,200,OK,100 Concurrent Users 1-15,text,true,,97439,197,1,1,http://localhost:5000/api/hotels?limit=100,7,0,1
1764563059024,21,3. Get Cars,200,OK,100 Concurrent Users 1-15,text,true,,82327,195,1,1,http://localhost:5000/api/cars?limit=100,20,0,1
1764563059107,8,1. Get Flights,200,OK,100 Concurrent Users 1-16,text,true,,101994,189,1,1,http://localhost:5000/api/flights?limit=100,8,0,1
1764563059115,7,2. Get Hotels,200,OK,100 Concurrent Users 1-16,text,true,,97439,197,1,1,http://localhost:5000/api/hotels?limit=100,7,0,1
1764563059123,20,3. Get Cars,200,OK,100 Concurrent Users 1-16,text,true,,82327,195,1,1,http://localhost:5000/api/cars?limit=100,19,0,0
1764563059208,7,1. Get Flights,200,OK,100 Concurrent Users 1-17,text,true,,101994,189,1,1,http://localhost:5000/api/flights?limit=100,7,0,1
1764563059216,6,2. Get Hotels,200,OK,100 Concurrent Users 1-17,text,true,,97439,197,1,1,http://localhost:5000/api/hotels?limit=100,6,0,0
1764563059223,17,3. Get Cars,200,OK,100 Concurrent Users 1-17,text,true,,82327,195,1,1,http://localhost:5000/api/cars?limit=100,17,0,1
1764563059308,8,1. Get Flights,200,OK,100 Concurrent Users 1-18,text,true,,101994,189,1,1,http://localhost:5000/api/flights?limit=100,7,0,1
1764563059316,7,2. Get Hotels,200,OK,100 Concurrent Users 1-18,text,true,,97439,197,1,1,http://localhost:5000/api/hotels?limit=100,6,0,1
1764563059323,18,3. Get Cars,200,OK,100 Concurrent Users 1-18,text,true,,82327,195,1,1,http://localhost:5000/api/cars?limit=100,17,0,1
1764563059408,6,1. Get Flights,200,OK,100 Concurrent Users 1-19,text,true,,101994,189,1,1,http://localhost:5000/api/flights?limit=100,6,0,0
1764563059415,6,2. Get Hotels,200,OK,100 Concurrent Users 1-19,text,true,,97439,197,1,1,http://localhost:5000/api/hotels?limit=100,6,0,0
1764563059422,17,3. Get Cars,200,OK,100 Concurrent Users 1-19,text,true,,82327,195,1,1,http://localhost:5000/api/cars?limit=100,16,0,0
1764563059507,7,1. Get Flights,200,OK,100 Concurrent Users 1-20,text,true,,101994,189,1,1,http://localhost:5000/api/flights?limit=100,7,0,1
1764563059514,7,2. Get Hotels,200,OK,100 Concurrent Users 1-20,text,true,,97439,197,1,1,http://localhost:5000/api/hotels?limit=100,7,0,1
1764563059521,19,3. Get Cars,200,OK,100 Concurrent Users 1-20,text,true,,82327,195,1,1,http://localhost:5000/api/cars?limit=100,19,0,1
1764563059607,7,1. Get Flights,200,OK,100 Concurrent Users 1-21,text,true,,101994,189,1,1,http://localhost:5000/api/flights?limit=100,7,0,1
1764563059614,7,2. Get Hotels,200,OK,100 Concurrent Users 1-21,text,true,,97439,197,1,1,http://localhost:5000/api/hotels?limit=100,7,0,1
1764563059621,17,3. Get Cars,200,OK,100 Concurrent Users 1-21,text,true,,82327,195,1,1,http://localhost:5000/api/cars?limit=100,17,0,1
1764563059707,7,1. Get Flights,200,OK,100 Concurrent Users 1-22,text,true,,101994,189,1,1,http://localhost:5000/api/flights?limit=100,7,0,1
1764563059715,6,2. Get Hotels,200,OK,100 Concurrent Users 1-22,text,true,,97439,197,1,1,http://localhost:5000/api/hotels?limit=100,6,0,1
1764563059722,15,3. Get Cars,200,OK,100 Concurrent Users 1-22,text,true,,82327,195,1,1,http://localhost:5000/api/cars?limit=100,15,0,0
1764563059807,8,1. Get Flights,200,OK,100 Concurrent Users 1-23,text,true,,101994,189,1,1,http://localhost:5000/api/flights?limit=100,7,0,1
1764563059815,7,2. Get Hotels,200,OK,100 Concurrent Users 1-23,text,true,,97439,197,1,1,http://localhost:5000/api/hotels?limit=100,7,0,1
1764563059822,17,3. Get Cars,200,OK,100 Concurrent Users 1-23,text,true,,82327,195,1,1,http://localhost:5000/api/cars?limit=100,17,0,1
1764563059907,7,1. Get Flights,200,OK,100 Concurrent Users 1-24,text,true,,101994,189,1,1,http://localhost:5000/api/flights?limit=100,7,0,0
1764563059915,8,2. Get Hotels,200,OK,100 Concurrent Users 1-24,text,true,,97439,197,1,1,http://localhost:5000/api/hotels?limit=100,7,0,1
1764563059923,18,3. Get Cars,200,OK,100 Concurrent Users 1-24,text,true,,82327,195,1,1,http://localhost:5000/api/cars?limit=100,18,0,1
1764563060007,9,1. Get Flights,200,OK,100 Concurrent Users 1-25,text,true,,101994,189,1,1,http://localhost:5000/api/flights?limit=100,9,0,2
1764563060017,7,2. Get Hotels,200,OK,100 Concurrent Users 1-25,text,true,,97439,197,1,1,http://localhost:5000/api/hotels?limit=100,7,0,0
1764563060024,17,3. Get Cars,200,OK,100 Concurrent Users 1-25,text,true,,82327,195,1,1,http://localhost:5000/api/cars?limit=100,17,0,1
1764563060107,8,1. Get Flights,200,OK,100 Concurrent Users 1-26,text,true,,101994,189,1,1,http://localhost:5000/api/flights?limit=100,7,0,1
1764563060115,6,2. Get Hotels,200,OK,100 Concurrent Users 1-26,text,true,,97439,197,1,1,http://localhost:5000/api/hotels?limit=100,6,0,1
1764563060122,17,3. Get Cars,200,OK,100 Concurrent Users 1-26,text,true,,82327,195,1,1,http://localhost:5000/api/cars?limit=100,16,0,1
1764563060208,7,1. Get Flights,200,OK,100 Concurrent Users 1-27,text,true,,101994,189,1,1,http://localhost:5000/api/flights?limit=100,7,0,0
1764563060216,7,2. Get Hotels,200,OK,100 Concurrent Users 1-27,text,true,,97439,197,1,1,http://localhost:5000/api/hotels?limit=100,7,0,1
1764563060224,17,3. Get Cars,200,OK,100 Concurrent Users 1-27,text,true,,82327,195,1,1,http://localhost:5000/api/cars?limit=100,17,0,0
1764563060307,8,1. Get Flights,200,OK,100 Concurrent Users 1-28,text,true,,101994,189,1,1,http://localhost:5000/api/flights?limit=100,7,0,1
1764563060315,8,2. Get Hotels,200,OK,100 Concurrent Users 1-28,text,true,,97439,197,1,1,http://localhost:5000/api/hotels?limit=100,8,0,1
1764563060323,19,3. Get Cars,200,OK,100 Concurrent Users 1-28,text,true,,82327,195,1,1,http://localhost:5000/api/cars?limit=100,18,0,1
1764563060409,6,1. Get Flights,200,OK,100 Concurrent Users 1-29,text,true,,101994,189,1,1,http://localhost:5000/api/flights?limit=100,6,0,0
1764563060416,7,2. Get Hotels,200,OK,100 Concurrent Users 1-29,text,true,,97439,197,1,1,http://localhost:5000/api/hotels?limit=100,7,0,1
1764563060424,20,3. Get Cars,200,OK,100 Concurrent Users 1-29,text,true,,82327,195,1,1,http://localhost:5000/api/cars?limit=100,19,0,1
1764563060508,8,1. Get Flights,200,OK,100 Concurrent Users 1-30,text,true,,101994,189,1,1,http://localhost:5000/api/flights?limit=100,8,0,1
1764563060517,7,2. Get Hotels,200,OK,100 Concurrent Users 1-30,text,true,,97439,197,1,1,http://localhost:5000/api/hotels?limit=100,7,0,0
1764563060525,21,3. Get Cars,200,OK,100 Concurrent Users 1-30,text,true,,82327,195,1,1,http://localhost:5000/api/cars?limit=100,20,0,0
1764563060608,10,1. Get Flights,200,OK,100 Concurrent Users 1-31,text,true,,101994,189,1,1,http://localhost:5000/api/flights?limit=100,9,0,1
1764563060618,8,2. Get Hotels,200,OK,100 Concurrent Users 1-31,text,true,,97439,197,1,1,http://localhost:5000/api/hotels?limit=100,8,0,1
1764563060627,21,3. Get Cars,200,OK,100 Concurrent Users 1-31,text,true,,82327,195,1,1,http://localhost:5000/api/cars?limit=100,21,0,1
1764563060707,7,1. Get Flights,200,OK,100 Concurrent Users 1-32,text,true,,101994,189,1,1,http://localhost:5000/api/flights?limit=100,7,0,1
1764563060714,7,2. Get Hotels,200,OK,100 Concurrent Users 1-32,text,true,,97439,197,1,1,http://localhost:5000/api/hotels?limit=100,7,0,1
1764563060722,16,3. Get Cars,200,OK,100 Concurrent Users 1-32,text,true,,82327,195,1,1,http://localhost:5000/api/cars?limit=100,16,0,1
1764563060807,8,1. Get Flights,200,OK,100 Concurrent Users 1-33,text,true,,101994,189,1,1,http://localhost:5000/api/flights?limit=100,8,0,1
1764563060816,7,2. Get Hotels,200,OK,100 Concurrent Users 1-33,text,true,,97439,197,1,1,http://localhost:5000/api/hotels?limit=100,6,0,1
1764563060823,17,3. Get Cars,200,OK,100 Concurrent Users 1-33,text,true,,82327,195,1,1,http://localhost:5000/api/cars?limit=100,17,0,1
1764563060908,7,1. Get Flights,200,OK,100 Concurrent Users 1-34,text,true,,101994,189,1,1,http://localhost:5000/api/flights?limit=100,7,0,1
1764563060915,7,2. Get Hotels,200,OK,100 Concurrent Users 1-34,text,true,,97439,197,1,1,http://localhost:5000/api/hotels?limit=100,7,0,1
1764563060923,17,3. Get Cars,200,OK,100 Concurrent Users 1-34,text,true,,82327,195,1,1,http://localhost:5000/api/cars?limit=100,17,0,1
1764563061007,7,1. Get Flights,200,OK,100 Concurrent Users 1-35,text,true,,101994,189,1,1,http://localhost:5000/api/flights?limit=100,7,0,1
1764563061015,6,2. Get Hotels,200,OK,100 Concurrent Users 1-35,text,true,,97439,197,1,1,http://localhost:5000/api/hotels?limit=100,6,0,1
1764563061022,17,3. Get Cars,200,OK,100 Concurrent Users 1-35,text,true,,82327,195,1,1,http://localhost:5000/api/cars?limit=100,17,0,0
1764563061107,8,1. Get Flights,200,OK,100 Concurrent Users 1-36,text,true,,101994,189,1,1,http://localhost:5000/api/flights?limit=100,8,0,1
1764563061115,7,2. Get Hotels,200,OK,100 Concurrent Users 1-36,text,true,,97439,197,1,1,http://localhost:5000/api/hotels?limit=100,7,0,1
1764563061123,16,3. Get Cars,200,OK,100 Concurrent Users 1-36,text,true,,82327,195,1,1,http://localhost:5000/api/cars?limit=100,16,0,0
1764563061208,8,1. Get Flights,200,OK,100 Concurrent Users 1-37,text,true,,101994,189,1,1,http://localhost:5000/api/flights?limit=100,7,0,1
1764563061216,8,2. Get Hotels,200,OK,100 Concurrent Users 1-37,text,true,,97439,197,1,1,http://localhost:5000/api/hotels?limit=100,8,0,1
1764563061225,19,3. Get Cars,200,OK,100 Concurrent Users 1-37,text,true,,82327,195,1,1,http://localhost:5000/api/cars?limit=100,18,0,0
1764563061307,8,1. Get Flights,200,OK,100 Concurrent Users 1-38,text,true,,101994,189,1,1,http://localhost:5000/api/flights?limit=100,8,0,1
1764563061315,7,2. Get Hotels,200,OK,100 Concurrent Users 1-38,text,true,,97439,197,1,1,http://localhost:5000/api/hotels?limit=100,7,0,1
1764563061323,19,3. Get Cars,200,OK,100 Concurrent Users 1-38,text,true,,82327,195,1,1,http://localhost:5000/api/cars?limit=100,19,0,1
1764563061408,7,1. Get Flights,200,OK,100 Concurrent Users 1-39,text,true,,101994,189,1,1,http://localhost:5000/api/flights?limit=100,7,0,0
1764563061416,7,2. Get Hotels,200,OK,100 Concurrent Users 1-39,text,true,,97439,197,1,1,http://localhost:5000/api/hotels?limit=100,7,0,1
1764563061424,19,3. Get Cars,200,OK,100 Concurrent Users 1-39,text,true,,82327,195,1,1,http://localhost:5000/api/cars?limit=100,18,0,1
1764563061507,7,1. Get Flights,200,OK,100 Concurrent Users 1-40,text,true,,101994,189,1,1,http://localhost:5000/api/flights?limit=100,7,0,1
1764563061515,7,2. Get Hotels,200,OK,100 Concurrent Users 1-40,text,true,,97439,197,1,1,http://localhost:5000/api/hotels?limit=100,7,0,1
1764563061522,19,3. Get Cars,200,OK,100 Concurrent Users 1-40,text,true,,82327,195,1,1,http://localhost:5000/api/cars?limit=100,18,0,1
1764563061607,9,1. Get Flights,200,OK,100 Concurrent Users 1-41,text,true,,101994,189,1,1,http://localhost:5000/api/flights?limit=100,8,0,1
1764563061616,8,2. Get Hotels,200,OK,100 Concurrent Users 1-41,text,true,,97439,197,1,1,http://localhost:5000/api/hotels?limit=100,8,0,1
1764563061625,20,3. Get Cars,200,OK,100 Concurrent Users 1-41,text,true,,82327,195,1,1,http://localhost:5000/api/cars?limit=100,19,0,0
1764563061707,8,1. Get Flights,200,OK,100 Concurrent Users 1-42,text,true,,101994,189,1,1,http://localhost:5000/api/flights?limit=100,8,0,1
1764563061716,8,2. Get Hotels,200,OK,100 Concurrent Users 1-42,text,true,,97439,197,1,1,http://localhost:5000/api/hotels?limit=100,8,0,1
1764563061725,20,3. Get Cars,200,OK,100 Concurrent Users 1-42,text,true,,82327,195,1,1,http://localhost:5000/api/cars?limit=100,19,0,1
1764563061806,9,1. Get Flights,200,OK,100 Concurrent Users 1-43,text,true,,101994,189,1,1,http://localhost:5000/api/flights?limit=100,9,0,1
1764563061816,9,2. Get Hotels,200,OK,100 Concurrent Users 1-43,text,true,,97439,197,1,1,http://localhost:5000/api/hotels?limit=100,8,0,1
1764563061826,19,3. Get Cars,200,OK,100 Concurrent Users 1-43,text,true,,82327,195,1,1,http://localhost:5000/api/cars?limit=100,18,0,1
1764563061907,9,1. Get Flights,200,OK,100 Concurrent Users 1-44,text,true,,101994,189,1,1,http://localhost:5000/api/flights?limit=100,9,0,1
1764563061916,10,2. Get Hotels,200,OK,100 Concurrent Users 1-44,text,true,,97439,197,1,1,http://localhost:5000/api/hotels?limit=100,9,0,1
1764563061926,21,3. Get Cars,200,OK,100 Concurrent Users 1-44,text,true,,82327,195,1,1,http://localhost:5000/api/cars?limit=100,21,0,1
1764563062007,9,1. Get Flights,200,OK,100 Concurrent Users 1-45,text,true,,101994,189,1,1,http://localhost:5000/api/flights?limit=100,9,0,1
1764563062017,8,2. Get Hotels,200,OK,100 Concurrent Users 1-45,text,true,,97439,197,1,1,http://localhost:5000/api/hotels?limit=100,7,0,0
1764563062025,19,3. Get Cars,200,OK,100 Concurrent Users 1-45,text,true,,82327,195,1,1,http://localhost:5000/api/cars?limit=100,19,0,1
1764563062108,7,1. Get Flights,200,OK,100 Concurrent Users 1-46,text,true,,101994,189,1,1,http://localhost:5000/api/flights?limit=100,7,0,1
1764563062116,10,2. Get Hotels,200,OK,100 Concurrent Users 1-46,text,true,,97439,197,1,1,http://localhost:5000/api/hotels?limit=100,9,0,1
1764563062126,26,3. Get Cars,200,OK,100 Concurrent Users 1-46,text,true,,82327,195,1,1,http://localhost:5000/api/cars?limit=100,26,0,1
1764563062207,14,1. Get Flights,200,OK,100 Concurrent Users 1-47,text,true,,101994,189,1,1,http://localhost:5000/api/flights?limit=100,13,0,2
1764563062221,9,2. Get Hotels,200,OK,100 Concurrent Users 1-47,text,true,,97439,197,1,1,http://localhost:5000/api/hotels?limit=100,9,0,1
1764563062230,26,3. Get Cars,200,OK,100 Concurrent Users 1-47,text,true,,82327,195,1,1,http://localhost:5000/api/cars?limit=100,26,0,1
1764563062308,10,1. Get Flights,200,OK,100 Concurrent Users 1-48,text,true,,101994,189,1,1,http://localhost:5000/api/flights?limit=100,10,0,1
1764563062319,9,2. Get Hotels,200,OK,100 Concurrent Users 1-48,text,true,,97439,197,1,1,http://localhost:5000/api/hotels?limit=100,8,0,1
1764563062328,23,3. Get Cars,200,OK,100 Concurrent Users 1-48,text,true,,82327,195,1,1,http://localhost:5000/api/cars?limit=100,22,0,1
1764563062409,9,1. Get Flights,200,OK,100 Concurrent Users 1-49,text,true,,101994,189,1,1,http://localhost:5000/api/flights?limit=100,9,0,1
1764563062419,8,2. Get Hotels,200,OK,100 Concurrent Users 1-49,text,true,,97439,197,1,1,http://localhost:5000/api/hotels?limit=100,8,0,1
1764563062428,22,3. Get Cars,200,OK,100 Concurrent Users 1-49,text,true,,82327,195,1,1,http://localhost:5000/api/cars?limit=100,22,0,1
1764563062508,15,1. Get Flights,200,OK,100 Concurrent Users 1-50,text,true,,101994,189,1,1,http://localhost:5000/api/flights?limit=100,15,0,1
1764563062524,8,2. Get Hotels,200,OK,100 Concurrent Users 1-50,text,true,,97439,197,1,1,http://localhost:5000/api/hotels?limit=100,8,0,0
1764563062533,19,3. Get Cars,200,OK,100 Concurrent Users 1-50,text,true,,82327,195,1,1,http://localhost:5000/api/cars?limit=100,19,0,0
1764563062608,9,1. Get Flights,200,OK,100 Concurrent Users 1-51,text,true,,101994,189,1,1,http://localhost:5000/api/flights?limit=100,8,0,1
1764563062617,8,2. Get Hotels,200,OK,100 Concurrent Users 1-51,text,true,,97439,197,1,1,http://localhost:5000/api/hotels?limit=100,7,0,1
1764563062625,20,3. Get Cars,200,OK,100 Concurrent Users 1-51,text,true,,82327,195,1,1,http://localhost:5000/api/cars?limit=100,20,0,1
1764563062709,12,1. Get Flights,200,OK,100 Concurrent Users 1-52,text,true,,101994,189,1,1,http://localhost:5000/api/flights?limit=100,9,0,1
1764563062721,12,2. Get Hotels,200,OK,100 Concurrent Users 1-52,text,true,,97439,197,1,1,http://localhost:5000/api/hotels?limit=100,11,0,1
1764563062733,23,3. Get Cars,200,OK,100 Concurrent Users 1-52,text,true,,82327,195,1,1,http://localhost:5000/api/cars?limit=100,23,0,1
1764563062809,10,1. Get Flights,200,OK,100 Concurrent Users 1-53,text,true,,101994,189,1,1,http://localhost:5000/api/flights?limit=100,10,0,1
1764563062820,8,2. Get Hotels,200,OK,100 Concurrent Users 1-53,text,true,,97439,197,1,1,http://localhost:5000/api/hotels?limit=100,8,0,1
1764563062829,26,3. Get Cars,200,OK,100 Concurrent Users 1-53,text,true,,82327,195,1,1,http://localhost:5000/api/cars?limit=100,26,0,1
1764563062907,9,1. Get Flights,200,OK,100 Concurrent Users 1-54,text,true,,101994,189,1,1,http://localhost:5000/api/flights?limit=100,9,0,1
1764563062917,8,2. Get Hotels,200,OK,100 Concurrent Users 1-54,text,true,,97439,197,1,1,http://localhost:5000/api/hotels?limit=100,7,0,1
1764563062925,21,3. Get Cars,200,OK,100 Concurrent Users 1-54,text,true,,82327,195,1,1,http://localhost:5000/api/cars?limit=100,21,0,1
1764563063009,10,1. Get Flights,200,OK,100 Concurrent Users 1-55,text,true,,101994,189,1,1,http://localhost:5000/api/flights?limit=100,10,0,1
1764563063020,14,2. Get Hotels,200,OK,100 Concurrent Users 1-55,text,true,,97439,197,1,1,http://localhost:5000/api/hotels?limit=100,14,0,1
1764563063034,22,3. Get Cars,200,OK,100 Concurrent Users 1-55,text,true,,82327,195,1,1,http://localhost:5000/api/cars?limit=100,22,0,1
1764563063108,8,1. Get Flights,200,OK,100 Concurrent Users 1-56,text,true,,101994,189,1,1,http://localhost:5000/api/flights?limit=100,8,0,1
1764563063117,9,2. Get Hotels,200,OK,100 Concurrent Users 1-56,text,true,,97439,197,1,1,http://localhost:5000/api/hotels?limit=100,8,0,0
1764563063126,33,3. Get Cars,200,OK,100 Concurrent Users 1-56,text,true,,82327,195,1,1,http://localhost:5000/api/cars?limit=100,33,0,1
1764563063210,17,1. Get Flights,200,OK,100 Concurrent Users 1-57,text,true,,101994,189,1,1,http://localhost:5000/api/flights?limit=100,16,0,1
1764563063227,15,2. Get Hotels,200,OK,100 Concurrent Users 1-57,text,true,,97439,197,1,1,http://localhost:5000/api/hotels?limit=100,15,0,1
1764563063242,25,3. Get Cars,200,OK,100 Concurrent Users 1-57,text,true,,82327,195,1,1,http://localhost:5000/api/cars?limit=100,25,0,2
1764563063309,10,1. Get Flights,200,OK,100 Concurrent Users 1-58,text,true,,101994,189,1,1,http://localhost:5000/api/flights?limit=100,10,0,1
1764563063320,10,2. Get Hotels,200,OK,100 Concurrent Users 1-58,text,true,,97439,197,1,1,http://localhost:5000/api/hotels?limit=100,9,0,1
1764563063330,24,3. Get Cars,200,OK,100 Concurrent Users 1-58,text,true,,82327,195,1,1,http://localhost:5000/api/cars?limit=100,24,0,1
1764563063408,10,1. Get Flights,200,OK,100 Concurrent Users 1-59,text,true,,101994,189,1,1,http://localhost:5000/api/flights?limit=100,10,0,1
1764563063419,8,2. Get Hotels,200,OK,100 Concurrent Users 1-59,text,true,,97439,197,1,1,http://localhost:5000/api/hotels?limit=100,7,0,0
1764563063427,24,3. Get Cars,200,OK,100 Concurrent Users 1-59,text,true,,82327,195,1,1,http://localhost:5000/api/cars?limit=100,24,0,1
1764563063507,11,1. Get Flights,200,OK,100 Concurrent Users 1-60,text,true,,101994,189,1,1,http://localhost:5000/api/flights?limit=100,11,0,1
1764563063519,10,2. Get Hotels,200,OK,100 Concurrent Users 1-60,text,true,,97439,197,1,1,http://localhost:5000/api/hotels?limit=100,10,0,1
1764563063530,25,3. Get Cars,200,OK,100 Concurrent Users 1-60,text,true,,82327,195,1,1,http://localhost:5000/api/cars?limit=100,24,0,1
1764563063607,11,1. Get Flights,200,OK,100 Concurrent Users 1-61,text,true,,101994,189,1,1,http://localhost:5000/api/flights?limit=100,11,0,1
1764563063619,11,2. Get Hotels,200,OK,100 Concurrent Users 1-61,text,true,,97439,197,1,1,http://localhost:5000/api/hotels?limit=100,10,0,1
1764563063630,32,3. Get Cars,200,OK,100 Concurrent Users 1-61,text,true,,82327,195,1,1,http://localhost:5000/api/cars?limit=100,31,0,1
1764563063707,9,1. Get Flights,200,OK,100 Concurrent Users 1-62,text,true,,101994,189,1,1,http://localhost:5000/api/flights?limit=100,9,0,1
1764563063717,10,2. Get Hotels,200,OK,100 Concurrent Users 1-62,text,true,,97439,197,1,1,http://localhost:5000/api/hotels?limit=100,9,0,1
1764563063727,30,3. Get Cars,200,OK,100 Concurrent Users 1-62,text,true,,82327,195,1,1,http://localhost:5000/api/cars?limit=100,30,0,1
1764563063807,12,1. Get Flights,200,OK,100 Concurrent Users 1-63,text,true,,101994,189,1,1,http://localhost:5000/api/flights?limit=100,12,0,1
1764563063819,10,2. Get Hotels,200,OK,100 Concurrent Users 1-63,text,true,,97439,197,1,1,http://localhost:5000/api/hotels?limit=100,10,0,2
1764563063830,28,3. Get Cars,200,OK,100 Concurrent Users 1-63,text,true,,82327,195,1,1,http://localhost:5000/api/cars?limit=100,28,0,1
1764563063907,12,1. Get Flights,200,OK,100 Concurrent Users 1-64,text,true,,101994,189,1,1,http://localhost:5000/api/flights?limit=100,11,0,1
1764563063919,10,2. Get Hotels,200,OK,100 Concurrent Users 1-64,text,true,,97439,197,1,1,http://localhost:5000/api/hotels?limit=100,10,0,1
1764563063930,27,3. Get Cars,200,OK,100 Concurrent Users 1-64,text,true,,82327,195,1,1,http://localhost:5000/api/cars?limit=100,26,0,1
1764563064008,11,1. Get Flights,200,OK,100 Concurrent Users 1-65,text,true,,101994,189,1,1,http://localhost:5000/api/flights?limit=100,10,0,1
1764563064019,10,2. Get Hotels,200,OK,100 Concurrent Users 1-65,text,true,,97439,197,1,1,http://localhost:5000/api/hotels?limit=100,9,0,1
1764563064029,29,3. Get Cars,200,OK,100 Concurrent Users 1-65,text,true,,82327,195,1,1,http://localhost:5000/api/cars?limit=100,29,0,1
1764563064108,9,1. Get Flights,200,OK,100 Concurrent Users 1-66,text,true,,101994,189,1,1,http://localhost:5000/api/flights?limit=100,9,0,1
1764563064118,9,2. Get Hotels,200,OK,100 Concurrent Users 1-66,text,true,,97439,197,1,1,http://localhost:5000/api/hotels?limit=100,9,0,1
1764563064127,26,3. Get Cars,200,OK,100 Concurrent Users 1-66,text,true,,82327,195,1,1,http://localhost:5000/api/cars?limit=100,25,0,1
1764563064209,9,1. Get Flights,200,OK,100 Concurrent Users 1-67,text,true,,101994,189,1,1,http://localhost:5000/api/flights?limit=100,9,0,1
1764563064219,8,2. Get Hotels,200,OK,100 Concurrent Users 1-67,text,true,,97439,197,1,1,http://localhost:5000/api/hotels?limit=100,8,0,1
1764563064228,20,3. Get Cars,200,OK,100 Concurrent Users 1-67,text,true,,82327,195,1,1,http://localhost:5000/api/cars?limit=100,20,0,1
1764563064308,8,1. Get Flights,200,OK,100 Concurrent Users 1-68,text,true,,101994,189,1,1,http://localhost:5000/api/flights?limit=100,8,0,1
1764563064316,8,2. Get Hotels,200,OK,100 Concurrent Users 1-68,text,true,,97439,197,1,1,http://localhost:5000/api/hotels?limit=100,7,0,1
1764563064324,19,3. Get Cars,200,OK,100 Concurrent Users 1-68,text,true,,82327,195,1,1,http://localhost:5000/api/cars?limit=100,19,0,1
1764563064408,7,1. Get Flights,200,OK,100 Concurrent Users 1-69,text,true,,101994,189,1,1,http://localhost:5000/api/flights?limit=100,7,0,0
1764563064415,7,2. Get Hotels,200,OK,100 Concurrent Users 1-69,text,true,,97439,197,1,1,http://localhost:5000/api/hotels?limit=100,7,0,1
1764563064423,18,3. Get Cars,200,OK,100 Concurrent Users 1-69,text,true,,82327,195,1,1,http://localhost:5000/api/cars?limit=100,17,0,1
1764563064509,9,1. Get Flights,200,OK,100 Concurrent Users 1-70,text,true,,101994,189,1,1,http://localhost:5000/api/flights?limit=100,9,0,1
1764563064518,10,2. Get Hotels,200,OK,100 Concurrent Users 1-70,text,true,,97439,197,1,1,http://localhost:5000/api/hotels?limit=100,10,0,1
1764563064529,20,3. Get Cars,200,OK,100 Concurrent Users 1-70,text,true,,82327,195,1,1,http://localhost:5000/api/cars?limit=100,20,0,1
1764563064608,7,1. Get Flights,200,OK,100 Concurrent Users 1-71,text,true,,101994,189,1,1,http://localhost:5000/api/flights?limit=100,7,0,0
1764563064616,7,2. Get Hotels,200,OK,100 Concurrent Users 1-71,text,true,,97439,197,1,1,http://localhost:5000/api/hotels?limit=100,7,0,1
1764563064624,19,3. Get Cars,200,OK,100 Concurrent Users 1-71,text,true,,82327,195,1,1,http://localhost:5000/api/cars?limit=100,19,0,1
1764563064707,7,1. Get Flights,200,OK,100 Concurrent Users 1-72,text,true,,101994,189,1,1,http://localhost:5000/api/flights?limit=100,7,0,1
1764563064715,7,2. Get Hotels,200,OK,100 Concurrent Users 1-72,text,true,,97439,197,1,1,http://localhost:5000/api/hotels?limit=100,7,0,1
1764563064723,19,3. Get Cars,200,OK,100 Concurrent Users 1-72,text,true,,82327,195,1,1,http://localhost:5000/api/cars?limit=100,18,0,1
1764563064807,8,1. Get Flights,200,OK,100 Concurrent Users 1-73,text,true,,101994,189,1,1,http://localhost:5000/api/flights?limit=100,8,0,1
1764563064816,7,2. Get Hotels,200,OK,100 Concurrent Users 1-73,text,true,,97439,197,1,1,http://localhost:5000/api/hotels?limit=100,7,0,0
1764563064824,17,3. Get Cars,200,OK,100 Concurrent Users 1-73,text,true,,82327,195,1,1,http://localhost:5000/api/cars?limit=100,17,0,1
1764563064908,6,1. Get Flights,200,OK,100 Concurrent Users 1-74,text,true,,101994,189,1,1,http://localhost:5000/api/flights?limit=100,6,0,0
1764563064915,6,2. Get Hotels,200,OK,100 Concurrent Users 1-74,text,true,,97439,197,1,1,http://localhost:5000/api/hotels?limit=100,6,0,1
1764563064922,17,3. Get Cars,200,OK,100 Concurrent Users 1-74,text,true,,82327,195,1,1,http://localhost:5000/api/cars?limit=100,17,0,0
1764563065007,7,1. Get Flights,200,OK,100 Concurrent Users 1-75,text,true,,101994,189,1,1,http://localhost:5000/api/flights?limit=100,7,0,0
1764563065014,8,2. Get Hotels,200,OK,100 Concurrent Users 1-75,text,true,,97439,197,1,1,http://localhost:5000/api/hotels?limit=100,7,0,2
1764563065022,17,3. Get Cars,200,OK,100 Concurrent Users 1-75,text,true,,82327,195,1,1,http://localhost:5000/api/cars?limit=100,17,0,1
1764563065107,8,1. Get Flights,200,OK,100 Concurrent Users 1-76,text,true,,101994,189,1,1,http://localhost:5000/api/flights?limit=100,8,0,1
1764563065116,7,2. Get Hotels,200,OK,100 Concurrent Users 1-76,text,true,,97439,197,1,1,http://localhost:5000/api/hotels?limit=100,7,0,1
1764563065124,18,3. Get Cars,200,OK,100 Concurrent Users 1-76,text,true,,82327,195,1,1,http://localhost:5000/api/cars?limit=100,18,0,1
1764563065207,10,1. Get Flights,200,OK,100 Concurrent Users 1-77,text,true,,101994,189,1,1,http://localhost:5000/api/flights?limit=100,10,0,2
1764563065217,9,2. Get Hotels,200,OK,100 Concurrent Users 1-77,text,true,,97439,197,1,1,http://localhost:5000/api/hotels?limit=100,8,0,2
1764563065226,18,3. Get Cars,200,OK,100 Concurrent Users 1-77,text,true,,82327,195,1,1,http://localhost:5000/api/cars?limit=100,18,0,1
1764563065308,7,1. Get Flights,200,OK,100 Concurrent Users 1-78,text,true,,101994,189,1,1,http://localhost:5000/api/flights?limit=100,7,0,0
1764563065315,8,2. Get Hotels,200,OK,100 Concurrent Users 1-78,text,true,,97439,197,1,1,http://localhost:5000/api/hotels?limit=100,7,0,1
1764563065323,18,3. Get Cars,200,OK,100 Concurrent Users 1-78,text,true,,82327,195,1,1,http://localhost:5000/api/cars?limit=100,18,0,1
1764563065409,7,1. Get Flights,200,OK,100 Concurrent Users 1-79,text,true,,101994,189,1,1,http://localhost:5000/api/flights?limit=100,7,0,1
1764563065417,7,2. Get Hotels,200,OK,100 Concurrent Users 1-79,text,true,,97439,197,1,1,http://localhost:5000/api/hotels?limit=100,7,0,1
1764563065424,17,3. Get Cars,200,OK,100 Concurrent Users 1-79,text,true,,82327,195,1,1,http://localhost:5000/api/cars?limit=100,17,0,1
1764563065507,7,1. Get Flights,200,OK,100 Concurrent Users 1-80,text,true,,101994,189,1,1,http://localhost:5000/api/flights?limit=100,7,0,1
1764563065514,6,2. Get Hotels,200,OK,100 Concurrent Users 1-80,text,true,,97439,197,1,1,http://localhost:5000/api/hotels?limit=100,6,0,1
1764563065521,16,3. Get Cars,200,OK,100 Concurrent Users 1-80,text,true,,82327,195,1,1,http://localhost:5000/api/cars?limit=100,16,0,1
1764563065608,10,1. Get Flights,200,OK,100 Concurrent Users 1-81,text,true,,101994,189,1,1,http://localhost:5000/api/flights?limit=100,9,0,0
1764563065618,8,2. Get Hotels,200,OK,100 Concurrent Users 1-81,text,true,,97439,197,1,1,http://localhost:5000/api/hotels?limit=100,8,0,1
1764563065627,20,3. Get Cars,200,OK,100 Concurrent Users 1-81,text,true,,82327,195,1,1,http://localhost:5000/api/cars?limit=100,19,0,1
1764563065708,7,1. Get Flights,200,OK,100 Concurrent Users 1-82,text,true,,101994,189,1,1,http://localhost:5000/api/flights?limit=100,7,0,1
1764563065716,6,2. Get Hotels,200,OK,100 Concurrent Users 1-82,text,true,,97439,197,1,1,http://localhost:5000/api/hotels?limit=100,6,0,0
1764563065722,16,3. Get Cars,200,OK,100 Concurrent Users 1-82,text,true,,82327,195,1,1,http://localhost:5000/api/cars?limit=100,16,0,1
1764563065808,7,1. Get Flights,200,OK,100 Concurrent Users 1-83,text,true,,101994,189,1,1,http://localhost:5000/api/flights?limit=100,6,0,0
1764563065815,7,2. Get Hotels,200,OK,100 Concurrent Users 1-83,text,true,,97439,197,1,1,http://localhost:5000/api/hotels?limit=100,6,0,1
1764563065822,16,3. Get Cars,200,OK,100 Concurrent Users 1-83,text,true,,82327,195,1,1,http://localhost:5000/api/cars?limit=100,15,0,1
1764563065908,6,1. Get Flights,200,OK,100 Concurrent Users 1-84,text,true,,101994,189,1,1,http://localhost:5000/api/flights?limit=100,6,0,1
1764563065915,6,2. Get Hotels,200,OK,100 Concurrent Users 1-84,text,true,,97439,197,1,1,http://localhost:5000/api/hotels?limit=100,5,0,0
1764563065921,16,3. Get Cars,200,OK,100 Concurrent Users 1-84,text,true,,82327,195,1,1,http://localhost:5000/api/cars?limit=100,16,0,1
1764563066008,7,1. Get Flights,200,OK,100 Concurrent Users 1-85,text,true,,101994,189,1,1,http://localhost:5000/api/flights?limit=100,6,0,1
1764563066015,6,2. Get Hotels,200,OK,100 Concurrent Users 1-85,text,true,,97439,197,1,1,http://localhost:5000/api/hotels?limit=100,6,0,1
1764563066022,15,3. Get Cars,200,OK,100 Concurrent Users 1-85,text,true,,82327,195,1,1,http://localhost:5000/api/cars?limit=100,15,0,0
1764563066107,7,1. Get Flights,200,OK,100 Concurrent Users 1-86,text,true,,101994,189,1,1,http://localhost:5000/api/flights?limit=100,7,0,1
1764563066114,7,2. Get Hotels,200,OK,100 Concurrent Users 1-86,text,true,,97439,197,1,1,http://localhost:5000/api/hotels?limit=100,6,0,1
1764563066121,15,3. Get Cars,200,OK,100 Concurrent Users 1-86,text,true,,82327,195,1,1,http://localhost:5000/api/cars?limit=100,15,0,1
1764563066207,7,1. Get Flights,200,OK,100 Concurrent Users 1-87,text,true,,101994,189,1,1,http://localhost:5000/api/flights?limit=100,7,0,1
1764563066214,6,2. Get Hotels,200,OK,100 Concurrent Users 1-87,text,true,,97439,197,1,1,http://localhost:5000/api/hotels?limit=100,6,0,1
1764563066220,15,3. Get Cars,200,OK,100 Concurrent Users 1-87,text,true,,82327,195,1,1,http://localhost:5000/api/cars?limit=100,15,0,1
1764563066309,7,1. Get Flights,200,OK,100 Concurrent Users 1-88,text,true,,101994,189,1,1,http://localhost:5000/api/flights?limit=100,7,0,1
1764563066316,7,2. Get Hotels,200,OK,100 Concurrent Users 1-88,text,true,,97439,197,1,1,http://localhost:5000/api/hotels?limit=100,7,0,1
1764563066324,17,3. Get Cars,200,OK,100 Concurrent Users 1-88,text,true,,82327,195,1,1,http://localhost:5000/api/cars?limit=100,17,0,1
1764563066407,7,1. Get Flights,200,OK,100 Concurrent Users 1-89,text,true,,101994,189,1,1,http://localhost:5000/api/flights?limit=100,7,0,1
1764563066415,6,2. Get Hotels,200,OK,100 Concurrent Users 1-89,text,true,,97439,197,1,1,http://localhost:5000/api/hotels?limit=100,6,0,0
1764563066421,16,3. Get Cars,200,OK,100 Concurrent Users 1-89,text,true,,82327,195,1,1,http://localhost:5000/api/cars?limit=100,16,0,1
1764563066507,8,1. Get Flights,200,OK,100 Concurrent Users 1-90,text,true,,101994,189,1,1,http://localhost:5000/api/flights?limit=100,8,0,1
1764563066515,8,2. Get Hotels,200,OK,100 Concurrent Users 1-90,text,true,,97439,197,1,1,http://localhost:5000/api/hotels?limit=100,8,0,1
1764563066523,16,3. Get Cars,200,OK,100 Concurrent Users 1-90,text,true,,82327,195,1,1,http://localhost:5000/api/cars?limit=100,16,0,1
1764563066607,7,1. Get Flights,200,OK,100 Concurrent Users 1-91,text,true,,101994,189,1,1,http://localhost:5000/api/flights?limit=100,7,0,1
1764563066614,7,2. Get Hotels,200,OK,100 Concurrent Users 1-91,text,true,,97439,197,1,1,http://localhost:5000/api/hotels?limit=100,7,0,1
1764563066622,17,3. Get Cars,200,OK,100 Concurrent Users 1-91,text,true,,82327,195,1,1,http://localhost:5000/api/cars?limit=100,17,0,1
1764563066707,8,1. Get Flights,200,OK,100 Concurrent Users 1-92,text,true,,101994,189,1,1,http://localhost:5000/api/flights?limit=100,7,0,1
1764563066715,9,2. Get Hotels,200,OK,100 Concurrent Users 1-92,text,true,,97439,197,1,1,http://localhost:5000/api/hotels?limit=100,9,0,1
1764563066724,18,3. Get Cars,200,OK,100 Concurrent Users 1-92,text,true,,82327,195,1,1,http://localhost:5000/api/cars?limit=100,17,0,1
1764563066807,8,1. Get Flights,200,OK,100 Concurrent Users 1-93,text,true,,101994,189,1,1,http://localhost:5000/api/flights?limit=100,7,0,1
1764563066815,8,2. Get Hotels,200,OK,100 Concurrent Users 1-93,text,true,,97439,197,1,1,http://localhost:5000/api/hotels?limit=100,8,0,1
1764563066823,19,3. Get Cars,200,OK,100 Concurrent Users 1-93,text,true,,82327,195,1,1,http://localhost:5000/api/cars?limit=100,18,0,1
1764563066907,6,1. Get Flights,200,OK,100 Concurrent Users 1-94,text,true,,101994,189,1,1,http://localhost:5000/api/flights?limit=100,6,0,0
1764563066913,7,2. Get Hotels,200,OK,100 Concurrent Users 1-94,text,true,,97439,197,1,1,http://localhost:5000/api/hotels?limit=100,7,0,1
1764563066920,16,3. Get Cars,200,OK,100 Concurrent Users 1-94,text,true,,82327,195,1,1,http://localhost:5000/api/cars?limit=100,16,0,1
1764563067008,8,1. Get Flights,200,OK,100 Concurrent Users 1-95,text,true,,101994,189,1,1,http://localhost:5000/api/flights?limit=100,7,0,1
1764563067016,7,2. Get Hotels,200,OK,100 Concurrent Users 1-95,text,true,,97439,197,1,1,http://localhost:5000/api/hotels?limit=100,6,0,1
1764563067023,15,3. Get Cars,200,OK,100 Concurrent Users 1-95,text,true,,82327,195,1,1,http://localhost:5000/api/cars?limit=100,15,0,1
1764563067107,6,1. Get Flights,200,OK,100 Concurrent Users 1-96,text,true,,101994,189,1,1,http://localhost:5000/api/flights?limit=100,6,0,1
1764563067114,5,2. Get Hotels,200,OK,100 Concurrent Users 1-96,text,true,,97439,197,1,1,http://localhost:5000/api/hotels?limit=100,5,0,0
1764563067120,15,3. Get Cars,200,OK,100 Concurrent Users 1-96,text,true,,82327,195,1,1,http://localhost:5000/api/cars?limit=100,14,0,0
1764563067208,10,1. Get Flights,200,OK,100 Concurrent Users 1-97,text,true,,101994,189,1,1,http://localhost:5000/api/flights?limit=100,9,0,2
1764563067218,9,2. Get Hotels,200,OK,100 Concurrent Users 1-97,text,true,,97439,197,1,1,http://localhost:5000/api/hotels?limit=100,9,0,1
1764563067228,17,3. Get Cars,200,OK,100 Concurrent Users 1-97,text,true,,82327,195,1,1,http://localhost:5000/api/cars?limit=100,17,0,0
1764563067309,6,1. Get Flights,200,OK,100 Concurrent Users 1-98,text,true,,101994,189,1,1,http://localhost:5000/api/flights?limit=100,6,0,1
1764563067316,6,2. Get Hotels,200,OK,100 Concurrent Users 1-98,text,true,,97439,197,1,1,http://localhost:5000/api/hotels?limit=100,6,0,0
1764563067322,16,3. Get Cars,200,OK,100 Concurrent Users 1-98,text,true,,82327,195,1,1,http://localhost:5000/api/cars?limit=100,16,0,1
1764563067408,6,1. Get Flights,200,OK,100 Concurrent Users 1-99,text,true,,101994,189,1,1,http://localhost:5000/api/flights?limit=100,6,0,1
1764563067415,6,2. Get Hotels,200,OK,100 Concurrent Users 1-99,text,true,,97439,197,1,1,http://localhost:5000/api/hotels?limit=100,5,0,0
1764563067421,15,3. Get Cars,200,OK,100 Concurrent Users 1-99,text,true,,82327,195,1,1,http://localhost:5000/api/cars?limit=100,15,0,1
1764563067508,6,1. Get Flights,200,OK,100 Concurrent Users 1-100,text,true,,101994,189,1,1,http://localhost:5000/api/flights?limit=100,6,0,0
1764563067514,6,2. Get Hotels,200,OK,100 Concurrent Users 1-100,text,true,,97439,197,1,1,http://localhost:5000/api/hotels?limit=100,6,0,1
1764563067521,14,3. Get Cars,200,OK,100 Concurrent Users 1-100,text,true,,82327,195,1,1,http://localhost:5000/api/cars?limit=100,14,0,0
